ticker,date,title,url,sentiment
MMM,2006-03-20T08:00:00+00:00,"Cumbria - Entertainment - Tom Hingley ""Un-guarded"" - BBC",https://news.google.com/rss/articles/CBMilwFBVV95cUxNaDJOYjhFRFJFdlZKaFZZSE5PbHBDOHlRc2NRQkxJaGRTZFN4bHN3OU92dFptZnhuNnZvdGhlMUpvLTAwNU12NWlBMU1Uay10LWFUNy1UX2VqeXN6dXhfbzlZZGtDTUxpRTJEQV9uMTg1VGNJTGdpVnBjaS1VYUFBTEhmMHJmRjhEMzNhcnJtdF8wcW5kLU9n?oc=5,negative
MMM,2006-03-17T08:00:00+00:00,"Interview: Margaret Morrison, Founder And Director of Cybercandy - Londonist",https://news.google.com/rss/articles/CBMiWEFVX3lxTE9HWnpKRFVaWXBDSGNIOWdNcnlmbXhjcnptUTc0WVgtd3pmX01rZ2NUMTB5Rk9QbHhBS2oyQ200aUU2YnBxVUliTU9WQmRITVpLd0ZUbEJETnY?oc=5,positive
MMM,2006-03-03T08:00:00+00:00,Leicester - Features - Return of the Blaby Tomatoes - BBC,https://news.google.com/rss/articles/CBMijwFBVV95cUxNM0wyOFZtTVozQUV3X0toZ2VfSUpqYmRGN1lJUEpZZF96OXB0dUJuOGgyZm44Yjc5LXZQSUIxRTA3SHd5SXFKaVZKZzJ0b3dTenRjR0kzSk5CTUFqUkxNSGtKZm9ZS19mbEhYVkNYcnZQZjlPNmdfUU9wRjA5TUUtNmc4UERPZENNdktQTmNmbw?oc=5,negative
MMM,2006-02-08T08:00:00+00:00,Paul Smith At Borough Market - Londonist,https://news.google.com/rss/articles/CBMiWEFVX3lxTE5CTGJQbVo1ekx1Z0ZyLXd2N015RzF4XzFFM0k1dE9QQ01jRjE4Y3hNellOUlBta3V0V0lxRXNOTFFYd09MNzRDeXp1Sk5fbU1OV3pCeGtrZEI?oc=5,positive
MMM,2006-02-07T08:00:00+00:00,Computer feels your rage - Australian Broadcasting Corporation,https://news.google.com/rss/articles/CBMiZkFVX3lxTE5Id3QyaDZxcXJYNkVUX0JsMDRnTXFBbXM3enY5R1E5X1dxQTJVek5CcU9YU3hiLUEwNlEyWk04WmFmVE8wVW9PZlZ6WjlMRG1laklnNnNxMWJCQ19rLUpmNmhjT2Jidw?oc=5,negative
MMM,2006-06-26T07:00:00+00:00,Marcie Shatula Interview- Mmm Blueberries - Pinkbike,https://news.google.com/rss/articles/CBMia0FVX3lxTE81WGoxVWJhZ1hERHAzTXpjWDlDYUUzRFhwd0pXLUNLai1BSWVKWURCSzVSOTk0eEVMRzkxV0lRWU9zbDc3RmU2blRudmFPLVIzRk1SYkM1N3N6a0dLNnVaUzY2bXJOQl9ZR0Fr?oc=5,negative
MMM,2006-06-20T07:00:00+00:00,"Gift idea : pre-packaged, bioengineered pets - Core77",https://news.google.com/rss/articles/CBMigAFBVV95cUxQRUNsNlpnLThhMmNvNVI3eEdNZndpQ192dGQyQ3NRVnFHdEZRVFNyTktyMzFpeEZVWmRiTnVMZFJxNXVHNHk2U1pHVjVjcUhXNk5uS0JGcEZMNl9lbUZFQjZfUnllcTd1c3BxZnI4UDNOVjJOei1VX0FldlB3RXRLZQ?oc=5,negative
MMM,2006-04-03T07:00:00+00:00,Mmm…. Teaser - empireonline.com,https://news.google.com/rss/articles/CBMiYkFVX3lxTFBSU19fTVhPQmhkREdlVHNfaDNPZkF5eTZJX002aWVwWHM5b0pWbk5vMTdRR0NMX0lQMm1FUlFZdlg0cnZTWU5MR0dWeGdJeXVaYTlnNUVYN2ZwYVBFZW1SazlB?oc=5,positive
MMM,2006-08-30T07:00:00+00:00,"Another day, another exotic supercar: the Edran Enigma - Motor Authority",https://news.google.com/rss/articles/CBMinAFBVV95cUxNalFyVmZCVFJ6VTNvOEZ2dm56RlFVUTVteVQ2cWs4a2xpY05MVVMtQl9iYlBfVWlhdzJlNWhaT3FoSl82cF9Vb3hPVVplX1laVGtEcmQ3WmJGR1Nua2NQeFJfdGVDVmstR0wxMWRSTTViY2lkcEt6VGRma2otZzVSbE52a25iWF9XY3JKa1l2ZDZPNHFYUFhmRlpvb24?oc=5,positive
MMM,2006-07-04T07:00:00+00:00,Interstate '82 - Eurogamer,https://news.google.com/rss/articles/CBMiQ0FVX3lxTE9aRnBzQjRYZDNXUjlid1pFSE5oMWthZjlRVURiRDhaU0FCamdvY0RpUlV1UngyZXdVSVM1LWNyYVREQXc?oc=5,positive
MMM,2006-12-13T08:00:00+00:00,Mmm... Jelly Beans - WIRED,https://news.google.com/rss/articles/CBMiWkFVX3lxTE1qY2E2WTBMU3p0LXM0ckZqTDU2dVV0N3l5WnRqMXFwajJpeDl3eWE4TnZOX3kta2dsTmxzQTVTbTVyN01IZk9fR182aVAzRFpUQmEzYW5iT1FsQQ?oc=5,negative
MMM,2006-11-02T08:00:00+00:00,Survivor: Cook Islands - Box Office Prophets,https://news.google.com/rss/articles/CBMijAFBVV95cUxQcWNSVWUxRTNrcXdvSUk2d1BPaS13N0g4ZzY3SzBoX2JZd3RZZU1VbzVvTU9BRkVSNjlvVHlZY1lLcUhuc3hPMWh4QUdOQk93ZWk1OE11bjZraHVqazNDNUlSZlNkNFZwQ1l3OTVHM2t6Ri1ibERNQjM0QTNZTUpRTUdGN25SN2wtZDFROA?oc=5,positive
MMM,2007-03-09T08:00:00+00:00,Healdsburg restaurant has a new chef but its claim to fame remains the same - The Press Democrat,https://news.google.com/rss/articles/CBMiuwFBVV95cUxNQk5UejB3RDJtQlJ0SHhDbjNIeWxJb0RoVURJdlBPcENhUXhSdm9wR0tfYV9SeGVUWlBiQ202VmNZSlRxN2l1SF9Ua1Q0d3dFX2ExcmxkUUNZRlZQQ0V4NldqUkZWNmVlT1JTTEZ5YTFLaUlsX0M4LURLeklYUkJMc0NTLW5jNXFYZWVvR3BJTnIyN1gwMk5WQy1kNEtfWGRjY2VfSG9Sc2JwS19DWmQ4cWVVUFlBV1p1ZjYw?oc=5,negative
MMM,2007-02-27T08:00:00+00:00,"""Flushed Away"": DreamWorks' $100 Million Dump - TMZ",https://news.google.com/rss/articles/CBMifEFVX3lxTE9ka2daQjh4TV9RaGJUdWx1c2NhZm5mbHY5TVhuTEw0SHhub191RGt5YTQwZGpMUVdwWnYzUTI5Q0QxSnQ3eEVqaDkwa0t4R1BUajRRVlZqM0hfczFTb0tPOFJ4TGQtN0V1eUpHVms1Y2RsdHh6d0U3LTAxR2M?oc=5,negative
MMM,2007-02-23T08:00:00+00:00,Lathrop's 'CHAKA' has zest for life and marinades - The Stockton Record,https://news.google.com/rss/articles/CBMikwFBVV95cUxOXzRUTlVoMHlyTFJfcmJ3TzctZ1VndzYwU3EtRDR0RlZtTVhkY2x6X2xXczFRSFJqSXhTLW93LXFqLUN6b25zOFlQeG1sRHNCVVJSZHRZQzc0SEwxOXlYdlNld3cxQmlZZnc4bFhxLUxCUHpiM2dSLXJWdXc1RmgwekFodjZDMmJibUxyRDR6Q0txakU?oc=5,positive
MMM,2007-02-22T08:00:00+00:00,NZ fishermen land colossal squid - BBC,https://news.google.com/rss/articles/CBMiaEFVX3lxTE5LLW9DMlVrWHQ1d2U5cDduWHFKZTltcTlzckZXSm16SGhBd2lEU1Rzd3VXTWtfWlI2azgzZkNnaC00MnFTX0ZnU0xsNTdjQlBLc092a3VSZW5qd3pkQWZTcTlEZ1NKWnVF?oc=5,negative
MMM,2007-02-13T08:00:00+00:00,Shinobido: Tales of the Ninja review - Eurogamer,https://news.google.com/rss/articles/CBMibkFVX3lxTFBvNURDbF9kRW9LU1YxV3I3YXNCZE5wSFY2bnFBcDN2a3RLa1hPb3RHQjZ6ajd2RjRUVi1Ia2hKTlU0TDRRajBMeXoyWnFqRGJDalFmY2MtWGgyeFhiQ0kwd2lMb0toY05wNUFOcEJB?oc=5,positive
MMM,2007-02-08T08:00:00+00:00,"Mmm, sweaty! Women aroused by male scent - NBC News",https://news.google.com/rss/articles/CBMiUEFVX3lxTE9taGtuaVo4M2pfdzZ3TFh0S1JtcW8zMF9IODRBOVJMTElMQXNiTmtacXFXdGdRUzBDV2JaaGx0RnhmelBLM2lqY3dNM1FuY0p30gFYQVVfeXFMUHVFYmJSdUs5aXNBUkR0OVpiM1RUOXJJVExnNjhaVlE4cEdfaUQ1aGIwb2NkSFNpVndhWnZVVlo0cS1aNy1SNndyd013blROM0I5dm56S0tseg?oc=5,positive
MMM,2007-01-22T08:00:00+00:00,Author and Columnist James Carroll to Speak at MMC Rudin Lecture • News & Events - Marymount Manhattan College,https://news.google.com/rss/articles/CBMijAFBVV95cUxObUYxaVh3S012VHZEbGxadUU5Y0RlOFZ4cThyY3RybjhtLUl6Wk5rTW9zUkh0TnhrS2I1Um40OUJOYWcwNTY5d0lUSkVTTEFjd2x5TXZzeExiNnh3SFFoSXlVdDdRUVd2S05sYlVBS1dRV2RjRThoZV9JR3dsZXg3dmxxWGh3RFZkMzFucg?oc=5,positive
MMM,2007-05-21T07:00:00+00:00,Dear Diary (Published 2007) - The New York Times,https://news.google.com/rss/articles/CBMiZ0FVX3lxTE1DS3JWTGo1Tko4NERXeXZvOXpnVllqeHFlRnlpdWF5b0R4YjczQTRoUWxBV1UzY2otSFhpUGhKNUk4RUE5UHdXTnVOZ0JSaGoxamJ4UWZybmlmN3gzczJHWUtKdG9mM3c?oc=5,positive
MMM,2007-05-07T07:00:00+00:00,"Taking Violence to a New, Technological Absurdity (Published 2007) - The New York Times",https://news.google.com/rss/articles/CBMiaEFVX3lxTFB2NVFvejhKQTZ5UG9Wd0V2bVQ4Skd3cnZzOUR2VkVUTEN5ZmwtNG9kUy1SbUVGcVBHMnlSUWc5OHp6c002Y0dUeDd4OUFOMXNTR1QyRlBQWDBBcGpManB2V040SnB4SG9m?oc=5,negative
MMM,2007-05-01T07:00:00+00:00,New processes and players in the nitrogen cycle: the microbial ecology of anaerobic and archaeal ammonia oxidation - Nature,https://news.google.com/rss/articles/CBMiVEFVX3lxTE9udmVSV1RWV294c2gwaEVQMjNqWGtwazNxYW1wUW9uaEpzYmZoQktQMzVHcVd4a1ptVldJdlhSNENJdTdLcEFKcTF5WnhpZS1DMmdDRg?oc=5,positive
MMM,2007-04-25T07:00:00+00:00,Mavrodi Convicted of Fraud in MMM Trial - The Moscow Times,https://news.google.com/rss/articles/CBMihAFBVV95cUxPcXJQcE90VXQxXzFKUGFuUWlEYXF2RVB6dkFyUERZSnl2N3FFQ2Zwakw3ckxWMFYtWmFqTXFaYU9QN1lvNV9jZzlBa1BRRUJ5RUpLbDFqYTZiR0ZST3BxalplZnRNQTlMLTV6RkFiNkNkUndVUkZyNXgzYzhKSjFfdk4zUW0?oc=5,negative
MMM,2007-04-12T07:00:00+00:00,Sam’s Armenian Bakery ~ Glendale - L.A. Taco,https://news.google.com/rss/articles/CBMiXEFVX3lxTFBuSzc3OVdkWVNYdGROaVV0WHFpLU1oYXgwX09PZThGeUVQSmFMV0RVNVpqTkpKOHU0SnVveEtOeDJHWGpONGRQdlZEY2F5eVliNUtRbVVwamZwS19E?oc=5,positive
MMM,2007-08-27T07:00:00+00:00,MMC Welcomes 14 New Faculty Members • News & Events - Marymount Manhattan College,https://news.google.com/rss/articles/CBMieEFVX3lxTFBMeWdsTWxjRjY0WlhfUGdKRnRYbmg1MEhrWGpUaXJKYXdUT0d2X3diZjM2WXozSk1JUHI5ODU0VElkZ0h1b2JiNFgtOFpBRFk1ZmQ0RlVROUN6M20wdDljMUtrTkYwUGRmYlFIZlZNY2ZvZjViTGxlcA?oc=5,positive
MMM,2007-08-20T07:00:00+00:00,LIVEBLOG/LIMA: The wrong time to eat ceviche - New York Post,https://news.google.com/rss/articles/CBMifkFVX3lxTE1hUG13a1JDNzZmcWRiM0JZVUJkVERhby1DakJJODEzWENrSkJ5WE9WanMzczM5WUFac1RGTkVPT2pSeEJ1N09rMGpOVVdpa3YxRW15QnNJYmExWjdHMmljMFNhU0phckppbEFpR1Z3aVVfenRkajJyTWlqZTdhdw?oc=5,negative
MMM,2007-08-14T07:00:00+00:00,Tabloid Hell: Alex Turner hearts Lily Allen? - NME,https://news.google.com/rss/articles/CBMiZkFVX3lxTE9SMWdrb2pSX01JLU9zUVAySkx1NVRHTWdUTEp3WFBUZGFVa256ZlJOVGZNcWp3dVBacGZYZlNsM2pmdlNmOE1sSTh4MFhCZms1SFY5MEp2eE9zMFFqWktnQTc0b3NQUQ?oc=5,negative
MMM,2007-08-01T07:00:00+00:00,Exforge 5/160 - Medical Marketing and Media,https://news.google.com/rss/articles/CBMieEFVX3lxTE5xNDByNmw2Yl83cUV0ZjM2T2F1YWFtUFh1TS05cG1iQUFybjZRa1dxUU9LQk5LcXB0a25UaXp3RzJFcUJhYmRmSkUtTkcwXzBCenREZ1BGa3RBY0dQNV9rcTlOYmJZMzFrbHM4Vk93R1k4UmxvSW45VQ?oc=5,negative
MMM,2007-07-30T07:00:00+00:00,''Simpsons Movie'' shatters records - Entertainment Weekly,https://news.google.com/rss/articles/CBMidEFVX3lxTFBybEc4VUUtU3BqbEpCV1FOQV9TdHR1V2o4ZnFxcGJqTFJzeldJcWRVRGRoVDB2eFhOX1V3QnJpemU1MWJqSHoyX1UwUVg0TGhmc3RCRnM0YXE2VDE5aE1mZkVmMm1OQmtacEgyX1lDT0lPY2Ft?oc=5,negative
MMM,2007-07-25T07:00:00+00:00,Mmm... pi - Nature,https://news.google.com/rss/articles/CBMiUEFVX3lxTE1ROUlqaUdCem1uOXFmVm5udV94eWtTWEI2a1BWSE8zVlRKbWRHRUJhcEFlZVVsT3RrSE5Fa0RoRWoyNmFfeWZSS2JhLUxUd1dh?oc=5,positive
MMM,2007-07-23T07:00:00+00:00,Mirapex campaign gets kick from research - Medical Marketing and Media,https://news.google.com/rss/articles/CBMiiAFBVV95cUxQY2w0bkhFUXhmcTVDX2lucG5SUS1aTkxNanJCVGtBUjBFWmJVWmpmVmxNX2E5TlpWSGJCSnJmMU1VTEVLSXdxRnZSVHBJVllBUlN5N3JBM2F4MFZ6ZDN5WHRUUW15czl1bXREZFdRNEpGa3pxaDNGaE1scFM0T3ZSZUU2OWtXNkZv?oc=5,negative
MMM,2007-07-20T07:00:00+00:00,"Mmm, rodents! China feasts on rat infestation - NBC News",https://news.google.com/rss/articles/CBMiUEFVX3lxTFB0Y3ZKTVV2SzFrTjhzeC02XzVmNzNORVBqZG02a1VXNlFIYVJyX3JJeHRZal9oS0xCSXNBMV9iaHZ3cWFXWXFkdkpDYTVFMVQw0gFYQVVfeXFMUEtNQVplZTVMaVNROHZOSzBlNnJKNXlCZ1dNVlREUzdidEVmUkhOblRfWkhyMFJUMUx2V3h5bjJSeTJzUVIzRlkyVWNJVkk2bTRob2JOc2xLWA?oc=5,negative
MMM,2007-07-13T07:00:00+00:00,"Mmm, mobile: ‘Simpsons’ goes cellular - NBC News",https://news.google.com/rss/articles/CBMiUEFVX3lxTFB4UldoTmkxVl9yQjB3N1Z3VHdwaUtfakttOUFYalYxOFNpYnBQMl9IZlJobDlza1ZnaEVISEFzNG9DUkg5QzdIYTVZY0hBdXFt0gFYQVVfeXFMT01QcDl6N3kyZ0NHWGw1WGxJRzhSSkU5QVAxX0FrLTg3ZGdyeEp4c1pxZmJLVG0xc1Y2d1JJUWZYckJ1N0NWWkZFWWk2bnRjMlJtd1FKdk1pWA?oc=5,negative
MMM,2007-07-12T07:00:00+00:00,RESTAURANT REVIEW: Lucille’s BBQ? so-so; Lucille’s biscuits? MMM - Orange County Register,https://news.google.com/rss/articles/CBMingFBVV95cUxNaEsyN0VNTTZOOXNnV1NNelNpLVp2T1p6ZGNxbktROVlxRE1LX1A2Vm1sU1Y0M3FIWXVQMlJUQmRBV0dlQ093UlpaeVhqeVUzczhaT0x6Y2RpbTE2WXk5QVNTRkszdld6dFMteXA5SkNRM1BqOXQ5Z3ZYOXJBMEhiWkpYMjFTa1hoM01uS3JHMU92cEVpS1JIN0pkSHJYZ9IBowFBVV95cUxQVnBQZHZJdkMySjdMN2xxeDRqXzlyWmdOR25xNXRWeEMyWkxLMEN4N1Y3MkVDaldMWU90VXpCUlJ4RGZSX0o3U1JIdFVuLVVqWDJmSEctQUVPTExKMVBTXy1yenRJQU9ENmxEN3JRcFVEdnI4Z0NTeEdGX29iRFc1eU1qOGlIbHltNVZubzVRSHJBVjhwVHUtWG5mNi0xV2FDY01B?oc=5,negative
MMM,2007-12-20T08:00:00+00:00,"What a contest! - Thursday | December 20, 2007 - Jamaica Gleaner",https://news.google.com/rss/articles/CBMibEFVX3lxTE9uS0lGTk9BN0FOVXRWNUFzWTNNdUNEcUxpN1lHTkxoa25NUnhERjJKdnJ0aUU3eklkQmpvblpNSW1wOEJmZHgwUThmUmZtdU9KVTB2c1Z1ZWNZZkhLd2lXQzFSdmI5RTBjMW9mdg?oc=5,positive
MMM,2007-12-05T08:00:00+00:00,Pomegranates: A Fruitful Trade - Time Magazine,https://news.google.com/rss/articles/CBMicEFVX3lxTFA0RXVXdHZCRk5NdG05SnRGdHpiMnBwTkV3X1l6RTBlUVBqNnpyMG5ZeTFKZkdUZlRldXZieG5iTUoybGxBVlhDVHZGQWZfYWRma1BZc3haYjQtZjdsV1NwUWEzc25lQU1nSjd1eVpxUjU?oc=5,positive
MMM,2007-11-27T08:00:00+00:00,Symbicort 160/4.5 - Medical Marketing and Media,https://news.google.com/rss/articles/CBMifkFVX3lxTE90bHlybVVXODE2cE1pemZaclJLMHF5LUxRQTU3alhjRUxMWlBnWFhDOGJoTzFiUTRtNkdCYnEzYUE0RU9HZHpBckozbDE3MmNCNmtjZDRjcjhPRlBqS2dWRUNPTlVZeDJYdEJ1YTU3b0h1YldtVHBVZV9lZzdMdw?oc=5,negative
MMM,2007-11-02T07:00:00+00:00,Pocono Brewing Company: Mmm ... beer - Pocono Record,https://news.google.com/rss/articles/CBMipwFBVV95cUxNMFlTb0VNMFRBRmlPQndmaFNZVm1vcm1odkVpS0ZXVURxdHJvX2ZuQW5sNjYwM1gtRzZWemVmTFg0ZXZvQzBBTjA1SWpDb0xObHQ3TUM3NnpaS29RTF90OHVnNVBJUXUxWmxuZDh3RFhkbzcydTBnenVjYUdGeldXUTlGXzMzeUhWbXVpZW1YSFk3SXRDc21lWS1WTzRlT1J3X2s2OHRSRQ?oc=5,positive
MMM,2007-11-02T07:00:00+00:00,OCD: Angel's Pee Pee Demon - IGN,https://news.google.com/rss/articles/CBMickFVX3lxTE1aNjZ3dFpseGhwdVlmOV90NC04SF9ja2dSZS12YnhSV01lME1uVDllQ1djZXJta0FUYzh5dlh3OTFXUDlrX1pzXy1xbDJZa0hsR3d3UnNoeTQ2WTJIb2pGdm55U0JiV294a3hiMzJyOVVwUQ?oc=5,negative
MMM,2007-10-23T07:00:00+00:00,What's for Lunch? Hot Dog Stand outside the British Museum - Londonist,https://news.google.com/rss/articles/CBMiXEFVX3lxTE44TnRSOWVXc3ItUDJheWZSRlNITkxzZmtsTTA1TXUwMTMxSG1SbEVOLWNzMG8yUll1OTRiZktiSDhqZFo5WE9oLWNmdWhyLUc4X2QyNFJURkxqbFl5?oc=5,negative
MMM,2007-10-20T07:00:00+00:00,JK Rowling outs Dumbledore as gay - BBC,https://news.google.com/rss/articles/CBMiT0FVX3lxTFBRaEM1U0dacmdvMjNtNE1oeUZjYlc3RDFIU3h5Wk9nSXAzbHVLM0c3eE1xLWI4ZHN6cjJ6XzVldzVmRGxGUnFuSE50cUxJdTQ?oc=5,negative
MMM,2008-03-30T07:00:00+00:00,New! About me: Timothy Fidler - The Jerusalem Post,https://news.google.com/rss/articles/CBMiakFVX3lxTFBuOFRjcTBVYmpJRm9jd21BNHJmQWpQQklDT015Q243aEc1MEZ3cExNOTB4LWpFMnQ3S1dpY2VqZjQwS19PRUdyT2ZPNl9LQlhRTW82ek80aE45VDJsdUdPMXdGeWZIWGx1aXc?oc=5,positive
MMM,2008-03-11T07:00:00+00:00,Kellogg team wins battle in elite War Game test - Kellogg School of Management,https://news.google.com/rss/articles/CBMigAFBVV95cUxPSjdDNjRYcFltVUVSMTB1UjI3R1dhRV96amxrY2NMQ1FSaE92NFBBUGN4UU04aldIdmxxRS1wek54b0xySzZicFh1SlNoNVdwR0o0YU82Y1dwTHluS0tLSUI4NVp6LVN4djhwVFJyb3hISXVNV1l3U0tfb1VfWWE4Zg?oc=5,positive
MMM,2008-03-04T18:43:56+00:00,Action - packed events of January - behindwoods.com,https://news.google.com/rss/articles/CBMijwFBVV95cUxQU3pOV1NKcjdDVkZWVWRSWW5MdmFMQlpaNTZUR3FjZ09vN0kxWllOUFRTOWR2eFRIQkZtRXdrT2duX3pIWkxsQnh2UWNHQmtlenBvX3pxSjZIZDlBdmZPSFI1QXZ1NkRCek5raXhXNDBCdTFlVnZWbUpveVRjYm1kN2VIVFhYZ1VPcXRFVWpQWQ?oc=5,positive
MMM,2008-02-28T08:00:00+00:00,2008 President’s Medal Gala to Honor Best-Selling Author Dr. Jana Klauer • News & Events - Marymount Manhattan College,https://news.google.com/rss/articles/CBMiigFBVV95cUxPNmF1MnZ6OUI0V25oZXJoRWtFbF8yX0E4RnZjc0dKRmRBT0lFZmlWX2tWeGpFT3E2aWxHbnZMcHdySjNULWdFSUR1ZEJDdmwzTEtNanlLSnEzdDVETlA4THU2U1VaUFJIdUdkeDFPQ3ZFS1hRaHlYaGI2aDliVlF5RE9vZElyRnJNNXc?oc=5,positive
MMM,2008-01-28T08:00:00+00:00,"Celebrity Real Estate Wrap: Village's New Freak, Boss's Bud Finds Religion, More - Curbed NY",https://news.google.com/rss/articles/CBMipAFBVV95cUxOcW9xRWNvT1g0SEFrTk4ydTVwaUdXS3gxYjBiTFd1eF84YmlOengyZV81TnVhUG1CVXZycHV4OWt6YUtYMk44Z082R1JtanM5QWtORmNPZGVsNERBRnNaRVlCRnVHbHNHSVNkTFFiNUtLWDBtRmJwT0QtRWwtbTJrMjgxa2JybU94U3ZtcHhMX0JYaS12UjRLTXBJclc4d21pNlYwbQ?oc=5,positive
MMM,2008-01-24T08:00:00+00:00,"Merck/Schering-Plough launch newspaper ads, take down Vytorin TV - Medical Marketing and Media",https://news.google.com/rss/articles/CBMipwFBVV95cUxPcTk0c3JNWVc0aGlZTFJ4Nm5EcHJOUktUNjk2RWt6QlUtb19VZjExWEtqRzVaTmJxaE5BMWNwODNyRWdNbmI3WW0zUnZpay10dG1EWllMV0RibC1VM0djdV82S1NEUHpWdU9XT2VMUHdNWGtadlBtemZCRENvclkzTTZrbkJZSW9BQ3ZDZXVCbHdQdE92bFBLSU1OSlkxS0hJR2FUTjIxYw?oc=5,negative
MMM,2008-01-18T08:00:00+00:00,Wii Chess Anyone? - Nintendo Life,https://news.google.com/rss/articles/CBMiakFVX3lxTE5RVUZVUGpEQXJiYjAzbVFUOUFjUU1YMmFfVWNEM3c4bThSX0hoVEQ1MVRQLUM5T3dEQzhKbWw5WFVHY0hkS251UjlyQ01IU3dUdDZOZ1REak55RW9nX0pYUTBLWlRTbGF6akE?oc=5,negative
MMM,2008-06-14T07:00:00+00:00,Congrats Class of 2008! Soup for the graduate's soul - Foster's Daily Democrat,https://news.google.com/rss/articles/CBMingFBVV95cUxQQXBmckRvNVM1TUg2Tnd4RG1vcG1Kb1BhRHhQUkV2QUZ2THBPeFN0eUVZZEVteTdrbWFKVmY5ZnlXN2k5SXNZcG4tVjVGRkNtVFFtR1MtNU56X1R0N1pKYXM1dXZXc2JhdnV0ejF5R1FGVTZYaXo4SzQ2MXY3UVdvdUlWVlAxaWFXMmhpaWtGSGtRbjJ0R2hDdGdzeG91UQ?oc=5,positive
MMM,2008-05-24T07:00:00+00:00,Guilty Pleasure: Crash Test Dummies – God Shuffled His Feet - Consequence of Sound,https://news.google.com/rss/articles/CBMidkFVX3lxTE5pcU1id3IzcFRpTFotN3g4OWQ5TkNibHpTaVlpWTdmaUxOU1M4ZFhYaGZ0RmdOQUIxREdsbGJZYW9lZGU3Vi1sYm5QWk1xNURvNXYybGt3eTJZaEJ3blNUVFk3X3FxcW9zUmk0TGFocUVJaUUyYmc?oc=5,negative
MMM,2008-05-07T07:00:00+00:00,Norfolk - Entertainment - Michael Clark: The Stravinsky Project - BBC,https://news.google.com/rss/articles/CBMinwFBVV95cUxOQWdGMFdZWi1DTm5yOWVqNnhuM0hHSDRPbzBoMEdldE1IRVBDZW9uWi1RM1ZjdF9HdDVVdEhrSzhCRFlZVFlMVmUwM09GVjNFc2VuNkw3RmNyMjZhaFUydVlfVXJJUy03dkxFMEdMRUhpSmR1WDM4U1VTWllXUzUzS0w5YS1ydzhFWW02NnptZVpocGRwb2ZGY1Y1V0NSUjQ?oc=5,positive
MMM,2008-05-06T07:00:00+00:00,"Taste Test: Dried Sardines, Eel Spines, And Dried Squid - The Takeout",https://news.google.com/rss/articles/CBMilgFBVV95cUxOY3Jxc1o3LXp1cWw2VlJrZURvVzdqT0NyUVdITV9JdmltTWpDSFhlZ3lrcFM4Uk9TVVBTQVVCVjh2VHBfYXo5ZTNsREFoS2dQdlMwX1otVVBTazRhcFlxazJSZnBDSVplOHhfMU91RDczTEVYXzM4TkpXeHRBWFU5bWpHbmVBU1gyMW5MODlsTG5yQzZDbXc?oc=5,negative
MMM,2008-04-15T07:00:00+00:00,World's largest Barbeque Party - DOGO News,https://news.google.com/rss/articles/CBMic0FVX3lxTE51YmMtMjEwMklFcnBLNG1UZ25yN2theG9PeHRUNmJYQUtWVkx6T3l6VVNlRnBPOE1DSVoxLWg1dURWMUpqVlFQNE1jclQ2QUg1U2p5LV9pRHA1eXF4SkZuUWdSakRsY2pXZnhXcU9vUkpZRlE?oc=5,positive
MMM,2008-04-07T07:00:00+00:00,"Derrick Rose's diet sounds delicious, inadvisable - Yahoo Sports",https://news.google.com/rss/articles/CBMiogFBVV95cUxOaG1laHRwRHFLVEN0bno2VEE0LXd2cmI0QThSeWNXZ0xrODFySkJCcGNuWWlxY1dETUNLZUUxMGFVNWJJUm5wMGx6TjdwYnE1a2xCcVVfZGRIZmhpYkQ4Ujd5WGhCSEZQZjIxeTAxTE4xMEt2aS05bGp5dXhJMVo5SE1oN09xSG1OWHB3cjNQUU1fTEhySHhPaVlJQjNscWFRQ1E?oc=5,positive
MMM,2008-04-03T07:00:00+00:00,"Warhammer 40,000: Dawn of War - Soulstorm review - Eurogamer",https://news.google.com/rss/articles/CBMie0FVX3lxTFBoZU1JeXJJdFpEY1Jocy1ud2MtNy1odVhlNG5rM2J6cG5hR00taGZfWnB2cm95S2JNbnZCd3NiZjRjc2ZGSERQQVJkLUVxNnpxdmh2OC13OHkxYk8xMi1DejgyQjV1QnQzOWUtOHRzTkJRT0hJMFEzMG1YOA?oc=5,positive
MMM,2008-09-30T07:00:00+00:00,"AUTOFILE: 2008 BMW M3: Mmm, good: BMW's M3 is close to perfect - Autoweek",https://news.google.com/rss/articles/CBMimAFBVV95cUxNQkczS3RGamFUY1RLQi00RktnRnBZUDljdHZPOHNmY25GaEFGXzVNRUZoY3hIN2liNjVHa3F0TGY5Mkxlb1d2MTRQRmpaOFhJR3B6THlTSUstVjE4cVdQLVVLR3N5X0dTa1dSS2tVeFhUOXZoZEc1TzJLQTB5YW9xbEZpUF95cTM5YTltQk1YWG5PY3NUMkR2MA?oc=5,positive
MMM,2008-09-18T07:00:00+00:00,Accuracy of CT Colonography for Detection of Large Adenomas and Cancers - NEJM,https://news.google.com/rss/articles/CBMiYEFVX3lxTE56cnZzNUFtUzd1UEtabl9wUXdzU2ZWM2tlUUh5NFVsNmNpU0lQVGN0UHpaUm9JN1ZZVDU2SjFhVExZbzEzTm9yalc1Z1JpNXFoNmM2S2JOajA0dVpQTVB2bw?oc=5,positive
MMM,2008-09-02T07:00:00+00:00,New Lipitor ad features testimonial from heart attack survivor - Medical Marketing and Media,https://news.google.com/rss/articles/CBMipgFBVV95cUxNQjNWMWlSaUJKclpWOHd2YWVmREc5dFBXYXh0NGgzRnFZRGdURlhJbGhiRW9GcWJtcVV5RE1JZ2hsQUtVdGhaR1VIdVlzbGJfaUdFRDZYSGJyUlR4bVpZSmRuRmxMRVhfbnVkNmNLbVVlX1VUM3pIWmtMeTR6UjNJLUViamthYVItMEp1b241Z2dUMEQxZDkzaUlXOUtkLXlHVkU2dDBB?oc=5,negative
MMM,2008-07-17T07:00:00+00:00,Ridley Scott's Body of Lies International Trailer Debut - FirstShowing,https://news.google.com/rss/articles/CBMikwFBVV95cUxOVGtqZ3Fhc2h5OGR6VHlUQWttS2dRT2gtLXotUkJpQ0s3RDdwbG0zUlZYNVNHOTdPZ3JhWWpycXJpbjRBVWtyMElKR3FQd0MyaDQ5RFV2b3F5RENNYXZXU3Flc0I4R2haOFd1dndsREJWV25LaktaV1FxMDlEbFBMQ0NjMm9LMXQ4LVRJOUpQamtpWmc?oc=5,positive
MMM,2008-07-17T07:00:00+00:00,The Internet Birthed: Tropic Thunder LOLcat - SlashFilm,https://news.google.com/rss/articles/CBMiggFBVV95cUxOUE85V3FGRjhRLUw1eUxYaTJjMVlRNEltQ3Y2VnBXSURvUW1Sd0FSLWh5LXBna1h0UUJlRFF2QVNfMXhDYS0wdHQ4VnpRT2loYjR6clVLdUM1S1BSZFItZWtfQXE0VnJZMHR4SWRCejhLMlUybHRURHN2cVZrT1kwRzVR?oc=5,negative
MMM,2008-07-16T07:00:00+00:00,What’s on the menu at Child’s? - Ephemeral New York,https://news.google.com/rss/articles/CBMihAFBVV95cUxQZUlueUxQS2xYTlg1eXVOSlpsb2Q4REd4aDI2NlRkbHBwRDdtQ3VEZU9GZE42T0Y0b3VKTXF6aW44V0R4dmxwdWZGcUc5cTFoMmNFZXlrMVh1ekJsMUdsSnBadzlLLXk1eG1rdnNibnJKSnNOMWFURS0wZjU0ZFlqZ2hJNHY?oc=5,negative
MMM,2008-07-01T07:00:00+00:00,IT x Maison Martin Margiela 20th Anniversary - hypebeast.com,https://news.google.com/rss/articles/CBMifkFVX3lxTE9pNHM1ektHVTRGOXp2QmI4cUYtQVd2VDBXSFA2Zl92VU1CQ1FIaTB1RWZiQ3NaM1JrbVdiLXlkMndBcGhtWmRzQlF4ZzFGOS1BajkwNEF5WkRrazBibTRydWlJTnFWT2psdFBiY0NEc1lPT19TMjh4Sy03bkVjdw?oc=5,positive
MMM,2008-12-15T08:00:00+00:00,3M Petaluma to close plant - The Press Democrat,https://news.google.com/rss/articles/CBMid0FVX3lxTE9CUmhPSlExdlNWQy1DbHFNQl9ZV2ZNYU5YNHBVU2NTd1JJV2UwNF8zRzFhX0RZWUdnbzk3N3FHeXhZR1NvNUxxcDJRZkJXTjZlS1A4UTNjUlluSHZ2X0VSWUJla1B3UGpySHdWTXQ5MERjdVdmUy1r?oc=5,negative
MMM,2008-12-13T08:00:00+00:00,HSBC Private Bank Lounge by Campana Brothers - Dezeen,https://news.google.com/rss/articles/CBMihgFBVV95cUxNQkUwVmhORUoydjRmXy11eV9OSWk1Y1lYa3RQMS1nS1J4cTdYSTkwTVozNm5NZFRFaGh2d0hxalh2SE85Qy1wVWZGdXZEeDVOYy1sWm5xaV9mU2ZjYlhlbjEzVFE1VENfc1lWc3ZzRTctZ3l4Q04zSFR3R0NnUUlTTU9TNnkwQQ?oc=5,negative
MMM,2008-12-12T08:00:00+00:00,Circus - Rolling Stone,https://news.google.com/rss/articles/CBMieEFVX3lxTE9GTWpQdDBpZ0ZOTzhvRC1qby1GVDBqZWVhMFhEekxIODhlaV9NY1FIaFlfUV9FS1RydXJGVVFrcS1Ca0lBdHYwelBuajlBcW5PSS13c2g5UzdYMnVLWDk0VG1pUjh0UVBhYXJVYW4wVlk3aGFuMk5IeQ?oc=5,positive
MMM,2008-12-12T08:00:00+00:00,Martin Margiela Store Move - Dazed,https://news.google.com/rss/articles/CBMihAFBVV95cUxPV0s0VGZVcU5xRW1lcmstRkFJcURCUHZUTmFneHRuN3loZG15Tnp6QjFONFpyMmQ1T1JVZkxOOTlPLWdDY1ZXNks1ajk4TkpMVEIwS3NxRE5XcjdBOFdzdkRKWGVROFJIS3pKZms1dC1BZndzNm1lQzM2UWtoRjIybld1Yjc?oc=5,negative
MMM,2008-12-08T08:00:00+00:00,Sugar Rush Studio Visit - Inside Sugar Rush - Neoseeker,https://news.google.com/rss/articles/CBMif0FVX3lxTFBQaGNoSzRhZjk2bFpscWlsQ1BDM3ZDaGlZTHgxYXVLc1BibW94UmxEcFY0eFlwT09pbS1teFlKQnhIeGs3eW9KVFltXzdKcG1WSHVyWHM2WU5jZGZzZWQ4SWlOY015ZkRBczh1TzFlTm5TLVE4ZjRocm9GUm9OZ3M?oc=5,positive
MMM,2008-12-03T08:00:00+00:00,Nplate - Medical Marketing and Media,https://news.google.com/rss/articles/CBMib0FVX3lxTE9OTVRtOG9XTzNXNmZsaUE1QW1FeUdKVGtudWNtWWVsV3JqOXNWVEgyV0tWOHhjUV84cmtMdXp1ZmpyT2lVSkJBUjB4NF9FaEJSNWM0a2V4dWV2UE9sNExaN3BxbzJhdUtILXJ6ZmpyMA?oc=5,negative
MMM,2008-11-26T08:00:00+00:00,A Thanksgiving Look At Great Meals In Star Trek History - TrekMovie.com,https://news.google.com/rss/articles/CBMikwFBVV95cUxPc0owdW1CcmFYSW5DRWs3MVVMcVdNaHJwdDlhdjVXNElvU2xCLWtiUWlNMTRjRFpsajJReWxpU2RGWWhoQ2d2b2RJU1g1cVhGamFWaTJlb2VHQ3J1dEVSSF9aVDVxeHB6S3FMcTYxcmN6SEdUTENDTlkwVUthRkJtRjh5MG52SDRTaW9TYXdxUzBhZ0E?oc=5,positive
MMM,2008-11-25T08:00:00+00:00,What's the best vegetarian turkey? (Hint: It's not Tofurky.) - Slate,https://news.google.com/rss/articles/CBMiowFBVV95cUxPX1dTeVVXQnhiUVBxYjBkS0lDU0d6WHg3ZVJQMkZWanFEUERRWVRabEl3X0lmRlBoT3R5ZzF6QlIwdFJEZEFRMXd2bnI0eWtaa2hRRlZuUEk1THRFTkszc0RVcWVoYjNPbDU3SDNuS3Zjc203dVJWTnNnTjJXb0RRMlk1MjdrM09vOGxyRXA1S1RMcDFiRDhnUk9wTXNoM3hfRkxV?oc=5,positive
MMM,2008-11-18T08:00:00+00:00,A single-cell view on the ecophysiology of anaerobic phototrophic bacteria - PNAS,https://news.google.com/rss/articles/CBMiXEFVX3lxTE5sNy1QM2drQ1hhTHB3N2pCX09VSS1YaFgwWEFGMkpSbEZjWHlEeHVkaGZnVVdzZER0QjZ5eUVKU3VjMFN3cnM1ZFlvX0ZMX3JYUmFOMUVfVkh3MzRv?oc=5,positive
MMM,2008-11-01T07:00:00+00:00,Star Report: Canadian pranksters take Sarah Palin for a radio ride - The Mercury News,https://news.google.com/rss/articles/CBMirgFBVV95cUxNRVppaUY4S2VOVUQ1anVMZUVZMDdaZWhnSWcxRU1nWWdUTTRVRGctQURQb19vQ1YzVVFJN0RtcUUyRlAxZ25Md0pRMzdQUm5ZcE1BbjNGQzNBSnlTZXpVTWxIcFc5dUdaaXNWMEc2NFRQeC1ZX0t4RktteGstTElQUF9Ib2M3VzcxYnc4R0UyMi0zNnlqT012LUJGR09ETDFMaFQxcUc5WWFIYWEtX3fSAa4BQVVfeXFMTUVaaWlGOEtlTlVENWp1TGVFWTA3WmVoZ0lnMUVNZ1lnVE00VURnLUFEUG9fb0NWM1VRSTdEbXFFMkZQMWduTHdKUTM3UFJuWXBNQW4zRkMzQUp5U2V6VU1sSHBXOXVHWmlzVjBHNjRUUHgtWV9LeEZLbXhrLUxJUFBfSG9jN1c3MWJ3OEdFMjItMzZ5ak9Ndi1CRkdPREwxTGhUMXFHOVlhSGFhLV93?oc=5,negative
MMM,2008-10-30T07:00:00+00:00,Madonna wraps up Canadian leg of world tour - Xtra Magazine,https://news.google.com/rss/articles/CBMiigFBVV95cUxOZEJPb2Z5YlhrZ1FZWlVYamxSbFRCUlNLYU9LeVZuRXdwc09RdUNCNThMaURkdHFVaVdXVmpObUMxenZzY1VCWkE4MWlRUXF1bFAtaTdfRnJDcnZJb1hyMEJGRVpKWkdscmFtTGNzNmlvTHVrNnlNSWJaYUtYbUN0MnJkY3dtYUUwaXc?oc=5,positive
MMM,2008-10-29T07:00:00+00:00,Q&A: DARREN GREEFF - MambaOnline,https://news.google.com/rss/articles/CBMiZ0FVX3lxTE1MdkhCTVRxdl9UV2wyOVdBd3hzSUtYLVVaN05SajFNS1RKaGdqbjNWUnBXeG4wYUhPV24xUmZYcTdYU0pHM1Q2OThvRGZZbkhaclZ2VEdzZEdvUmFKWmZXWmlCbjJTcnM?oc=5,positive
MMM,2008-10-14T07:00:00+00:00,LIVEBLOG: The new White Castle! - New York Post,https://news.google.com/rss/articles/CBMibEFVX3lxTE1ZWnBfYnljLTUzbHRVeVhHRjN5VTFjWmNiOTh4SGdqb0RYN3N0YXFzUEN5am1oQ2ljcGF5b3FQN1p6RlNWaVdJVGtQazJJX3lFNUItejFnNjRVdXZJWDlsWTNQa3g5UGNrcFlPMw?oc=5,positive
MMM,2008-10-14T07:00:00+00:00,England | West Midlands | Kebabs made as corpse lay nearby - BBC,https://news.google.com/rss/articles/CBMid0FVX3lxTE9IVUI4M2lQMmxMd0p3SkZ2eXpVVmtzei1OWmROb2xvUWFVMk9vVGktd1o3cXltUGtkU2U1SHhzSzVqOU1vVHNDMnBVcDdGa0tRYTRvV19ldllLWDJkNVprNGhXVzktYlRudEY2Z0dtX05iYmZ3ZzVj?oc=5,negative
MMM,2008-10-10T07:00:00+00:00,My Dinner With Adrià (Published 2008) - The New York Times,https://news.google.com/rss/articles/CBMieEFVX3lxTE1TWXdhbnlicFpOMFcxd2xPYy1zRklERHpiQ01WekxSZzd4ZFozTE5CblU3R1NLTXZjb2FRbjM0dXZZQW81MEV3eWhtU25JZmxxZTV0Ym5pWVdyZjhDU1RuX19rc1ZIcjJGRlV3WXZOdkNJU0pNcy1xRg?oc=5,positive
MMM,2009-03-30T07:00:00+00:00,Margiela at Haus der Kunst - Domus Web,https://news.google.com/rss/articles/CBMif0FVX3lxTE9Mek9DcGhEVEVIdWlFYzBCbmwyVEs4NndWMklFb0JUMHlIWFFRNmZPRFJKM1o3UC04dnJNQVhSMWRudHpJQkF1Y2VGUXFHQ3IybWFYTVdoTGRKWmx4UW4yZFp0LWVRRlBpbXk1RGxaUTNpX0UyNW01bzFPZkg0aWPSAYQBQVVfeXFMTWY4NzNDNmtZNWxUNGR2dGVCbk1sTTI3VUJGZDByZ1VRZVJucnRjSmhETVp3WlRlak1uZTdXd0Z1MVZPOVBGMkRSSWQ1S1poSXp5eTB2Sm1CTmNTRk5LeXZWdF9pYnEwWGdndjcwQ3NpUVgtbFlmVDZtZmNfUWdUWG9HaFFJ?oc=5,negative
MMM,2009-03-20T07:00:00+00:00,Epiduo Gel - Medical Marketing and Media,https://news.google.com/rss/articles/CBMidEFVX3lxTFBLVHFacU1zek9hWVJMY3A5X1FvbkM3RUxzODl0LVAzSFBUdmlTei1waXAxYUtOUlQ1bHdTVFZBVGVUQnJ3M1FEV0Y1bVVvNnNtTHMxMWFTWnoyOTQ0OEFPdEludDd5ZHlJWTEwYjh6VDN6UWw0?oc=5,negative
MMM,2009-03-10T07:00:00+00:00,Almost Persuaded: Let's Make Cute Stuff – Baby Stuff - Design - The Austin Chronicle,https://news.google.com/rss/articles/CBMicEFVX3lxTE8xSGlrRFpaUmZKZzF3YW1Yal9WVTlZMzNHV1ExdW4ySkh1aTgzVjA0d2k4dDBZLWxSUThnczEwMVRHMHNFOEFzSk9zSHBEMTJkMXFSTVJZTWtTd3RRRnkzZndiam1OX1BteGYzeERiNS0?oc=5,negative
MMM,2009-03-04T08:00:00+00:00,Hot seat: Dorothy the dinosaur - Time Out Dubai,https://news.google.com/rss/articles/CBMid0FVX3lxTE5kemEyOHZ4QjVGeEhlZkFfZUhDVHdkbEQ4T3d3NW1FUXdyMmNnVzVTbjkxcm55dmlDeWJaajY4ZUhCSkd1SWlBaktodmRneXRJNlpiV0x5aEhpdGZteVl3a1k4N19GbVFVMi1sVW9wU05YMXUweWFv?oc=5,positive
MMM,2009-03-03T08:00:00+00:00,Maison Martin Margiela x Les Ateliers Ruby Helmet - hypebeast.com,https://news.google.com/rss/articles/CBMihAFBVV95cUxPV2Q1WUVNeFQ0NlJKdHBvN2ZKbFpwUjhoRWtkeEpwbFdjSVFsMkFLOEpRTW52V3V6amJlT1NQY3lJN0tZMkZoR00xUVFOb1JNdmlicU9vdXlQbVZmSXA3Y3pLT0RpNzZfY0stZERBaEpOclFhT1Y3ZFo0eksyT1JqdnhXX24?oc=5,negative
MMM,2009-02-26T08:00:00+00:00,Pfizer hires ex-Novartis PR as reputation czar - Medical Marketing and Media,https://news.google.com/rss/articles/CBMikAFBVV95cUxQX0NicTBlcnYtcnd4QUFzMkZtSm80WXoyNmNWTkJjRzV2bExEdTBvd2tobngtckFkd1F5RkRCUGVySFVjSEM3T19VYkh5Y1VoVlQwN1kyNThUQkxhUXhoZ001aVI3RTg5U2pnYlRteDF5N1NzX3VXck5JOVVKVmwxNmRIU0tGX1luU2pPemROb1I?oc=5,negative
MMM,2009-02-25T08:00:00+00:00,RiaSTAP - Medical Marketing and Media,https://news.google.com/rss/articles/CBMicEFVX3lxTE9jSFM3M0xUQm1Fb1ZMdkRYamVKc0ZmaERFeGp2MWRwc3dhX2liaGNYaFBGWmtIeGUzQXFYbEEzZmItemhLcDBxdEdPX04zcE1VQWFKWWlnS0VrQzVGNUVsNTlaeUN6OVZZOS14MWEwYUk?oc=5,negative
MMM,2009-02-18T08:00:00+00:00,CCTV International - 央视网,https://news.google.com/rss/articles/CBMiXkFVX3lxTE1jNUFOYzlURm13TVdlUHdSYTREb3dfMW83VnppZ244OEZKOWVwcjZsRVpoZ3IwSU9JSV9Ga3A5WFhROUF4aUk4TFFXcTIxYURMS2RFNnNtd05zN3hKMkE?oc=5,positive
MMM,2009-02-12T08:00:00+00:00,Moxatag - Medical Marketing and Media,https://news.google.com/rss/articles/CBMicEFVX3lxTFBmVGs3dnpyVFpoSVFqZEllME1teDFPVTY1STJ0QXNGaTlqNXhKOUczT1JDRGJyQXpZbWZjUlVpVjJZZm5YLXU4VU9jelZBcFZvX2pWVDdZclpTd2NZbWgzYkNpZHJTR3FZT3FoMHFtMnc?oc=5,negative
MMM,2009-02-11T08:00:00+00:00,"Bayer runs ""corrective"" Yaz ad, agrees to preclearance - Medical Marketing and Media",https://news.google.com/rss/articles/CBMilwFBVV95cUxPdUVOQ3RpWXdNZU16cXdteVNuc1VzenA2VW8wR0lwRGlSeDA4WERBOFdOU0lMTVppVWNyTFgyUWdCY1Bqb0habVFkb3J2OUl5Wndad0RWY280aTNQQnByTTFpVVdJTWhuRjFOTTF3WmRIOFNaSGpSY1QxQy1BZkR3eWd5Y0gtRXdSSXFTR0FSM0VmeW5zT0dz?oc=5,negative
MMM,2009-02-03T08:00:00+00:00,Breakfast and Afternoon Tea at Arcadia Farms - Arizona Foothills Magazine,https://news.google.com/rss/articles/CBMiqgFBVV95cUxORVhYTmVyalJHdnRLejFsVkppTkM2NXFJVDg5RWtOeEVjV3VYdlpBOG1uMnIzOTJUSk5PU3ZIWW1kcFpEVlZlZUdkWDhBanBQREFxNnh6QVJ0dm9KMVpYdDVRU1lXT3dLNWlSenFUbVNMWHBSdFJUV08xRzFsOGtodnVhVkVvSGNPOFp1VktYZkh6NEtNR0VqVkE2eXNLelM1MkQ4SEp1bGN2QQ?oc=5,positive
MMM,2009-02-02T08:00:00+00:00,Maison Martin Margiela Tennis Confetti Trainer - hypebeast.com,https://news.google.com/rss/articles/CBMigAFBVV95cUxPOGJtT1Z0Zl9vZnJGeUt2WDEtYV8tWDBCcHByTHpicGI1el9KWkxFM2xEYTRqR09rWlAyVWk0djRTS3hQUUI1eFFHNWlFRGd1ZXVyOEZZNnpDSzNOWFBQdlJrcVVIR0lCcFUxUW9GUE1qMHYxQTgyblRUTndVbFg2Yg?oc=5,negative
MMM,2009-01-30T08:00:00+00:00,Siberian pizza chain shows way to Russia - Stuff,https://news.google.com/rss/articles/CBMiiAFBVV95cUxQR0pJdGRid1IwMVVvLVNFVEE5WDBLNWdPdWRhb0pvUUN4cWhYbS1JM3l6R2M5cW1qTjg5c29sVktpUmMtSzhCeUJWTUd3M29vTXBvMkY0ZE11eGRzdlpSc2hmRldvY1hkdHJQRy1KSmVwMUlfNjlZZWtvallyTDVzQ09JRFd1d0Rj?oc=5,positive
MMM,2009-01-21T08:00:00+00:00,Advil ads take all-in-one approach - Medical Marketing and Media,https://news.google.com/rss/articles/CBMigAFBVV95cUxPNW9ybTgxcUwxNG10TDFfcjZUYzR4a0xTZ0VpR2JhSDF5WXdmbTFpSzZ2ZEZRMU1oR0ZKWWViSGZ2OXhCN0VYQmkzcW03QWdPZ3M4TXVCcTFoU0YxRlluTWhKOEthbEd2VTNkNTlZdHFCLVhJYkdhNHlldEVqX1pYTw?oc=5,negative
MMM,2009-01-13T08:00:00+00:00,Alli gets celebrity spokeswoman in Judd - Medical Marketing and Media,https://news.google.com/rss/articles/CBMihwFBVV95cUxPOUpvb1l0aHNsVFdodkdhWHVsWUp1TlBFcjlQVVpNNnFxb1Y2X3lSaWtlc1hieVM3SDFQa2tNa3NieWVOX3A0ajIxQ1V5ZHljVVdZVllkX01kampDYVd1MFY0bkJqajNoaHd2aEtFMEEwVmZQbmtERDdwdXRNNXZKRU1ad2tpNmM?oc=5,positive
MMM,2009-01-08T08:00:00+00:00,Nissan GT-R SpecV - Re-Spec yourself - 2009 - Top Gear,https://news.google.com/rss/articles/CBMifEFVX3lxTE9VQVhvN1dxQTNvY2IwWWNEQW1uWlBDY1hRWEdJLTR4Nm1vdWRiT1JQZFFXRUJ3ZEQwNzB5cGRscEhkMWR2d0x2UUxXb1N1Z2h1SnhTTjJCa25yc1J1MjJZd1JJVXdBOXh1SGZEazNwODQ2aTdPdTFlSFZfT2k?oc=5,negative
MMM,2009-06-29T07:00:00+00:00,"AstraZeneca unbranded effort urges sufferers to ""Rethink COPD"" - Medical Marketing and Media",https://news.google.com/rss/articles/CBMiowFBVV95cUxONjV5MTVBTDZEZnRtdER0RHhwekdSWk13Z2JPWTc3SlpmcFV3UllQWk1pWUQ5QzQxb19saFgwYVIyU2lEWDhXa3ljM3l4dnJxQno1THRTRk0yNkNzbm42RUZjd19paTgyU2VRVjZRcFlKVkszZWF6Nnl2QVJGTDBUSU84SjRGaWVVNXEta1k1MWdNbTAtbnJEQTNWendXTmY4NjI4?oc=5,negative
MMM,2009-06-20T07:00:00+00:00,Laura Izibor: Dublin's Smoky Soul Singer - NPR,https://news.google.com/rss/articles/CBMihgFBVV95cUxOWGFldzlwb2hVQVZ3MjA0dnliaFI4N3Jna1BVaUNIaUxKaDhwTC02Q2czc3RoTmtUTVVMZmhwdzBHY1BWSzhGeHBRbTJ5dGxYTnBUdW14OGNIcUpSMVNxV3BCNHV5V3dGVUVsdnZiVDZ6cG5Bc0ZKbHBISkFhdGV4TWJuTHA2Zw?oc=5,positive
MMM,2009-06-20T07:00:00+00:00,Casa Picasso welcomes you to Hospitality Night!! - The San Pedro Sun,https://news.google.com/rss/articles/CBMirAFBVV95cUxPX0gwT1hZbUlCQ2Y0NWRDY2lfU0djcjRjdFdISkdwR1FmVl9YQlVidU1UZVN6M2NrMmhWTnNoNktoMm1tYzFaVktIUW5BOGlmbUszM3JPVlFoRlN1QjBUbW5GTFBCd1VjbWpLOVdsbkhJaldMN2ZhTjRZR3oybUpUcVE4WUVfZFBCRC1FUW9NajZnWlFpVjE3eThMWUFzaGpVVVg5NUVSY3pNN0lU?oc=5,positive
MMM,2009-06-15T07:00:00+00:00,Lobsterfest kicks off! El Divino hosts Meat and Greet! - The San Pedro Sun,https://news.google.com/rss/articles/CBMitAFBVV95cUxOVnB5dzZqaW9UWHdSTjFVWmJqMkRRR2owbGZfX2VVeEFmZlFhcFFmUVd4ZlN4US1EbnZfME1JcUpaUmhCS01YMWhZeDhwYlB0NzBOUF9XeFdJbExPVGd0Vy1SemllWkY2MHZxQ3YyYk5rSDRIeFdZUUFWaTAxVzI3ZFZuQ1RnS0ZURzFoeHN1LUFzR1MwMl93NjJuaFdOZmhjLXczQkpPSzNBWkNsUEJnQnVGbGY?oc=5,positive
MMM,2009-06-10T07:00:00+00:00,"For Pristiq, Wyeth deploys wind-up doll - Medical Marketing and Media",https://news.google.com/rss/articles/CBMihgFBVV95cUxNLWRmMjVmUGdLUnIxSHlKZ1dXN0czQTEyZ24tQkJ6YW1BUHNnNEJ4cTZfTHk1M2Rza2VMSnpvdmZYaFBwU09wdFM2MlRRUElhU3R4SGEtc2l2VUZERXhielRpQzQtOEFJT0Y0Y2JjTHpaak54T25wckhGVml0M3JEQ3BVUkF5UQ?oc=5,negative
MMM,2009-06-04T07:00:00+00:00,"Abbott, AZ extend co-promotion to Trilipix - Medical Marketing and Media",https://news.google.com/rss/articles/CBMiigFBVV95cUxNNTdVV01XdlVQZ0MwQWt4dWVnTUZ0eVJMLWJITlJuUHBJYWhuU3BQUkJXMUtKWXhTdXJRYi1vOUR0a1BaZmlIMmtwbzJvMzhTeUFIZXV3ZkxBZUhIVFAxZ3ZaVTRyUnJsMDF6VHlvTnlaWGdfZU91VVdCMjhVY1paQ3lCcnRGc3ZIcWc?oc=5,negative
MMM,2009-06-01T07:00:00+00:00,Eminem's 'walkout' at the MTV Movie Awards after Sacha Baron Cohen stunt - video - The Mirror,https://news.google.com/rss/articles/CBMilAFBVV95cUxNbFJSZDN0amdDQTV2WFBwN0lJbjNnbUN6UUdqZFBqYlNVWEdiTl82Q25USWx5T1poSkxYUUx3bTBWU1VfOV9VeHN2QTdDbktGaDQ4dkM4MnBqN2Y2ajhCc3EyeG1EQTVhdURqTWdKbEtqWjNiLTdtbVFueEtiZmxzeGo2QWo0Y0JZa0o1THV1dHZoZ1R6?oc=5,negative
MMM,2009-05-11T07:00:00+00:00,Simponi - Medical Marketing and Media,https://news.google.com/rss/articles/CBMicEFVX3lxTFBzRHREX0IwRW9rdC12Ql9iNmlGQTJ4Vk5JVzhKVkFaRzJ0M0xBc1ZTWmkxcDJ1MXZSOUdxRFhVdUlobnBXTDVpaVNYLXU5NTRwa3dnV25LRThIOVhYN0J5SVBlaDVuaTVOdkpsMDZ3SUQ?oc=5,negative
MMM,2009-05-07T07:00:00+00:00,WebMD to launch Medscape iPhone app - Medical Marketing and Media,https://news.google.com/rss/articles/CBMiggFBVV95cUxOVDc1dzlOQmxNbmNGd0lPWDNxSTZTNVVkU19VeVlzNWctOXVkYVU3ZmRaYldPMnlpQXNHS0ZrcG1zMFhFQ0F0V0Q3OGdvMFJnQ1J3bkZmU1UyRHJ5MHA2QXc0U3NnUndoN0tpVTJmSnVLdW9Tb3VRTEVrOC1WcG93bjJR?oc=5,negative
MMM,2009-05-01T07:00:00+00:00,"Jan Ping partners with Amgen, ONS, for cancer education - Medical Marketing and Media",https://news.google.com/rss/articles/CBMimgFBVV95cUxPem1zaWpRcEhwRkxaTzVEZ1hjcWd2dEsxdzZUU2ZfRkI2RzBWR19GM1ZLZkZJVEQxTHhJRHB2X2RuS19uWHlTQ1dYSlhJS1dkbDB4dGhaZHZLYTNsckxhVzVXTE9NVTBvWW5XUFpSTmlFTEhIMGlPeEJ3bndrdVo3MDhzTDhPbnI0NmZJYnZST2xtcERpWEdzOEdn?oc=5,positive
MMM,2009-04-23T07:00:00+00:00,Kapidex - Medical Marketing and Media,https://news.google.com/rss/articles/CBMicEFVX3lxTE1RQkRZTk9objByQ1NtT0hnVFE0cWNlczVvMk9aQzZjVEltQzFHMlVPV29oY1hma0ZNZFFpOEFia3ltQVRXVUJrVjRnWk93TkxJU1lYYlhEa2otMkhnSFFDdkt1V2RIMUZYcmZ2RGdSS04?oc=5,negative
MMM,2009-04-22T07:00:00+00:00,Maison Martin Margiela Home Line - hypebeast.com,https://news.google.com/rss/articles/CBMibkFVX3lxTFBUc0IxUDZ3NXkxX1RFbVY1eGJhM2dSRUxGS3FYOUlxMFN3OU5mU1lscUpKY3dYdmxKSjhHQnprQkpBd09IbDdXVjdDQlhlQzVqU1JjT244Z2dXVkJoaVQ4VnFjaU82WUNWdTRrNXhB?oc=5,negative
MMM,2009-04-18T07:00:00+00:00,Tense final expected in Faith Quiz final tonight - Royal Gazette | Bermuda,https://news.google.com/rss/articles/CBMitAFBVV95cUxPMXdHNDNaT2kyOUQzcFpvNUQ4dzk5VmFqSnN4aTRkLTEwWVdtMW9YQmtmcEFnY2NGWG5QVnIzZTVGRFhJeS1iX3RMLTVyRWpiRG5wNGU1cTAyQm03X0YxVm9WS181UDV2aHRiTXdnNC1pbzUyRzNmdHdkTzdjRlZxRnY2dC1OQVJUWjQ0SXNibFRYbVQ3NGZMbFFNRldQUVNzRzMzdV9CUWdKMUZJX2N1VHEwWk4?oc=5,negative
MMM,2009-04-17T07:00:00+00:00,Symbyax - Medical Marketing and Media,https://news.google.com/rss/articles/CBMicEFVX3lxTE5McXNHZmgyQlBoNWw4SjMzMV82SVo4dHJuRk9UaHQ4aGpWUjNnTzc3X1ZsTmhTN1FOOEx1SlJ6TWRVSk0xSkVlT29vRlNqdXJneng0bjV2TEJKSHI3RGNpWW4zdUNLMjljS2cyLXhmZTY?oc=5,negative